{
	"format_version": "1.8.0",
	"animations": {
		"bubbling.cauldron.new": {
			"loop": true,
			"animation_length": 2,
			"bones": {
				"bubble1": {
					"position": {
						"0.0": [0, 12, 0],
						"1.0": [0, 9, 0],
						"2.0": [0, 12, 0]
					}
				},
				"bubble3": {
					"position": {
						"0.0": [0, -1, 0],
						"1.0": [0, 0, 0],
						"2.0": [0, -1, 0]
					}
				},
				"bubble2": {
					"position": {
						"0.0": [0, 3, 0],
						"1.0": [0, 15, 0],
						"2.0": [0, 3, 0]
					}
				},
				"bubble4": {
					"position": {
						"0.0": [0, 16, 0],
						"1.0": [0, 6, 0],
						"2.0": [0, 16, 0]
					}
				},
				"bubble5": {
					"position": {
						"0.0": [0, 0, 0],
						"1.0": [0, 12, 0],
						"2.0": [0, 0, 0]
					}
				},
				"bubble6": {
					"position": {
						"0.0": [0, 1, 0],
						"1.0": [0, 5, 0],
						"2.0": [0, 1, 0]
					}
				},
				"bubble7": {
					"position": {
						"0.0": [0, 0, 0],
						"0.125": [0, -0.5, 0],
						"1.0": [0, 4, 0],
						"2.0": [0, 0, 0]
					}
				},
				"bubble8": {
					"position": {
						"0.0": [0, 9, 0],
						"1.0": [0, 1, 0],
						"2.0": [0, 9, 0]
					}
				}
			}
		}
	}
}