{
	"format_version": "1.20.50",
	"minecraft:item": {
		"description": {
			"identifier": "blockbuilders:mathmogicians_wand",
			"menu_category": {
				"category": "equipment"
			}
		},
		"components": {
			"minecraft:max_stack_size": 1,
			"minecraft:icon": {
				"texture": "mathmogicians_wand"
			},
			"minecraft:digger": {
				"destroy_speeds": [
					{
						"speed": 50,
						"block": "hopper"
					}
				]
			},
			"minecraft:hand_equipped": true,
			"minecraft:durability": {
				"max_durability": 2100
			},
			"minecraft:repairable": {
				"repair_items": [
					{
						"items": ["iron_ingot"],
						"repair_amount": 2100
					}
				]
			}
		}
	}
}