{
	"format_version": "1.8.0",
	"animations": {
		"animation.cauldron.simmer: {
			"loop": true,
			"animation_length": 2,
			"bones": {
				"bubble1": {
					"position": {
						"0.0": [0, 0, 0],
						"0.5": [0, -1, 0],
						"1.0": [0, 0, 0],
						"1.5": [0, -1, 0],
						"2.0": [0, 0, 0]
					},
					"scale": {
						"0.0": [1, 1, 1],
						"1.0": [1, 1, 1],
						"2.0": [1, 1, 1]
					}
				},
				"bubble3": {
					"position": {
						"0.0": [0, 0, 0],
						"1.0": [0, -2, 0],
						"2.0": [0, 0, 0]
					},
					"scale": {
						"0.0": [1, 1, 1],
						"2.0": [1, 1, 1]
					}
				},
				"bubble2": {
					"position": {
						"0.0": [0, -4, 0],
						"1.0": [0, -1, 0],
						"2.0": [0, -4, 0]
					},
					"scale": {
						"0.0": [1, 1, 1],
						"2.0": [1, 1, 1]
					}
				},
				"bubble4": {
					"position": {
						"0.0": [0, 0, 0],
						"0.5": [0, -1, 0],
						"1.25": [0, 1.5, 0],
						"2.0": [0, 0, 0]
					},
					"scale": {
						"0.0": [1, 1, 1],
						"2.0": [1, 1, 1]
					}
				},
				"bubble5": {
					"position": {
						"0.0": [0, -4, 0],
						"1.0": [0, -5, 0],
						"1.5": [0, -2.5, 0],
						"2.0": [0, -4, 0]
					},
					"scale": {
						"0.0": [1, 1, 1],
						"2.0": [1, 1, 1]
					}
				},
				"bubble6": {
					"position": {
						"0.0": [0, 0, 0],
						"0.5": [0, -1, 0],
						"1.0": [0, 0, 0],
						"1.5": [0, -1, 0],
						"2.0": [0, 0, 0]
					},
					"scale": {
						"0.0": [1, 1, 1],
						"2.0": [1, 1, 1]
					}
				},
				"bubble7": {
					"position": {
						"0.0": [0, -9, 0],
						"1.0": [0, -7, 0],
						"2.0": [0, -9, 0]
					},
					"scale": {
						"0.0": [1, 1, 1],
						"1.0": [1, 1, 1],
						"2.0": [1, 1, 1]
					}
				},
				"bubble8": {
					"position": {
						"0.0": [-1, 0, 1],
						"1.0": [-0.5, -3, 0.5],
						"1.25": [-0.37, -1.25, 0.38],
						"1.5": [-0.25, -2.83, 0.25],
						"2.0": [0, 0, 0]
					},
					"scale": {
						"0.0": [1, 1, 1],
						"2.0": [1, 1, 1]
					}
				}
			}
		}
	}
}
