{
  "format_version": "1.10.0",
  "minecraft:client_entity": {
    "description": {
      "identifier": "blockbuilders:cauldron",
      "materials": {
        "default": "entity_alphatest"
      },
      "textures": {
        "default": "textures/entity/cauldron"
      },
      "geometry": {
        "default": "geometry.cauldron"
      },
      "render_controllers": ["controller.render.default"],
      "animations": {
        "simmer": "animation.cauldron.simmer"
      },
      "scripts": {
        "animate": [
          "simmer"
        ]
      }
    }
  }
}
