{
  "format_version": "1.12.0",
  "minecraft:geometry": [
    {
      "description": {
        "identifier": "geometry.alchemy",
        "texture_width": 64,
        "texture_height": 64,
        "visible_bounds_width": 2,
        "visible_bounds_height": 3,
        "visible_bounds_offset": [0, 1.5, 0]
      },
      "bones": [
        {
          "name": "body",
          "pivot": [0, 24, 0],
          "cubes": [
            {
              "origin": [-4, 12, -3],
              "size": [8, 12, 6],
              "uv": [16, 20]
            },
            {
              "origin": [-4, 5, -3],
              "size": [8, 18, 6],
              "inflate": 0.5,
              "uv": [0, 38]
            }
          ]
        },
        {
          "name": "head",
          "parent": "body",
          "pivot": [0, 24, 0],
          "cubes": [
            {
              "origin": [-4, 24, -4],
              "size": [8, 10, 8],
              "uv": [0, 0]
            }
          ]
        },
        {
          "name": "hat",
          "parent": "head",
          "pivot": [0, 24, 0],
          "cubes": [
            {
              "origin": [-4, 24, -4],
              "size": [8, 8, 8],
              "inflate": 0.5,
              "uv": [32, 0]
            }
          ]
        },
        {
          "name": "nose",
          "parent": "head",
          "pivot": [0, 26, 0],
          "cubes": [
            {
              "origin": [-1, 23, -6],
              "size": [2, 4, 2],
              "uv": [24, 0]
            }
          ]
        },
        {
          "name": "leg0",
          "pivot": [-2, 12, 0],
          "cubes": [
            {
              "origin": [-4, 0, -2],
              "size": [4, 12, 4],
              "uv": [28, 46]
            }
          ]
        },
        {
          "name": "leg1",
          "pivot": [2, 12, 0],
          "cubes": [
            {
              "origin": [0, 0, -2],
              "size": [4, 12, 4],
              "uv": [0, 22]
            }
          ]
        },
        {
          "name": "arm1",
          "pivot": [0, 22, 0],
          "cubes": [
            {
              "origin": [4, 12, -2],
              "size": [4, 11, 4],
              "uv": [44, 46]
            }
          ]
        },
        {
          "name": "arm0",
          "pivot": [0, 21, -1],
          "rotation": [-0.47, 0, 0],
          "cubes": [
            {
              "origin": [-8, 12, -2],
              "size": [4, 11, 4],
              "uv": [44, 22]
            }
          ]
        }
      ]
    }
  ]
}
