{
	"format_version": "1.12.0",
	"minecraft:geometry": [
		{
			"description": {
				"identifier": "geometry.cartography_professor",
				"texture_width": 128,
				"texture_height": 128,
				"visible_bounds_width": 2,
				"visible_bounds_height": 4,
				"visible_bounds_offset": [0, 2, 0]
			},
			"bones": [
				{
					"name": "body",
					"pivot": [0, 24, 0],
					"cubes": [
						{
							"origin": [-4, 12, -3],
							"size": [8, 12, 6],
							"uv": [28, 28]
						},
						{
							"origin": [-4, 6, -3],
							"size": [8, 18, 6],
							"inflate": 0.5,
							"uv": [0, 13]
						}
					]
				},
				{
					"name": "head",
					"parent": "body",
					"pivot": [0, 24, 0],
					"cubes": [
						{
							"origin": [-4, 24, -4],
							"size": [8, 7, 8],
							"uv": [28, 13]
						}
					]
				},
				{
					"name": "hat",
					"parent": "head",
					"pivot": [0, 24, 0],
					"cubes": [
						{
							"origin": [-6, 30, -6],
							"size": [12, 1, 12],
							"inflate": 0.5,
							"uv": [0, 0]
						},
						{
							"origin": [-3, 31, -3],
							"size": [6, 4, 6],
							"inflate": 1,
							"uv": [0, 37]
						},
						{
							"origin": [-3, 35, -3],
							"size": [6, 5, 6],
							"uv": [36, 0]
						},
						{
							"origin": [-1, 39, -1],
							"size": [2, 4, 2],
							"uv": [0, 0]
						}
					]
				},
				{
					"name": "nose",
					"parent": "head",
					"pivot": [0, 26, 0],
					"cubes": [
						{
							"origin": [-1, 23, -6],
							"size": [2, 4, 2],
							"uv": [0, 6]
						}
					]
				},
				{
					"name": "arm0",
					"parent": "body",
					"pivot": [0, 21, -1],
					"rotation": [-0.47, 0, 0],
					"cubes": [
						{
							"origin": [-8, 11, -2],
							"size": [4, 12, 4],
							"uv": [52, 42]
						}
					]
				},
				{
					"name": "leg0",
					"pivot": [-2, 12, 0],
					"cubes": [
						{
							"origin": [-4, 0, -2],
							"size": [4, 12, 4],
							"uv": [36, 46]
						}
					]
				},
				{
					"name": "leg1",
					"pivot": [2, 12, 0],
					"cubes": [
						{
							"origin": [0, 0, -2],
							"size": [4, 12, 4],
							"uv": [20, 46]
						}
					]
				},
				{
					"name": "arm1",
					"pivot": [0, 22, 0],
					"cubes": [
						{
							"origin": [4, 11, -2],
							"size": [4, 12, 4],
							"uv": [0, 47]
						}
					]
				}
			]
		}
	]
}