{
	"format_version": "1.12.0",
	"minecraft:geometry": [
		{
			"description": {
				"identifier": "geometry.coin",
				"texture_width": 64,
				"texture_height": 64,
				"visible_bounds_width": 3,
				"visible_bounds_height": 2.5,
				"visible_bounds_offset": [0, 0.75, 0]
			},
			"bones": [
				{
					"name": "root",
					"pivot": [0, 3, -1],
					"cubes": [
						{"origin": [0, 3, -3], "size": [1, 6, 6], "uv": [17, 6]},
						{"origin": [0, 9, -2], "size": [1, 1, 4], "uv": [-1, -2]},
						{"origin": [0, 13, -11], "size": [1, 1, 4], "pivot": [0, 7, -10], "rotation": [-90, 0, 0], "uv": [-1, -2]},
						{"origin": [0, 15, 0], "size": [1, 1, 4], "pivot": [0, 9, 1], "rotation": [180, 0, 0], "uv": [-1, -2]},
						{"origin": [0, 13, -4], "size": [1, 1, 4], "pivot": [0, 7, -3], "rotation": [-90, 0, 0], "uv": [-1, -2]}
					]
				}
			]
		}
	]
}