{
	"format_version": "1.12.0",
	"minecraft:geometry": [
		{
			"description": {
				"identifier": "geometry.groundskeeper",
				"texture_width": 64,
				"texture_height": 64,
				"visible_bounds_width": 3,
				"visible_bounds_height": 3,
				"visible_bounds_offset": [0, 1.5, 0]
			},
			"bones": [
				{
					"name": "body",
					"pivot": [0, 24, 0],
					"cubes": [
						{
							"origin": [-5, 11, -3],
							"size": [10, 14, 6],
							"uv": [0, 26]
						},
						{
							"origin": [-5, 11, -3],
							"size": [10, 13, 6],
							"inflate": 0.25,
							"uv": [0, 0]
						}
					]
				},
				{
					"name": "head",
					"parent": "body",
					"pivot": [0, 25, 0],
					"cubes": [
						{
							"origin": [-4, 25, -4],
							"size": [8, 10, 8],
							"uv": [32, 0]
						}
					]
				},
				{
					"name": "hat",
					"parent": "head",
					"pivot": [0, 25, 0],
					"cubes": [
						{
							"origin": [-4, 24, -4],
							"size": [8, 3, 8],
							"inflate": 0.5,
							"uv": [32, 22]
						}
					]
				},
				{
					"name": "nose",
					"parent": "head",
					"pivot": [0, 27, 0],
					"cubes": [
						{
							"origin": [-1, 24, -6],
							"size": [2, 4, 2],
							"uv": [26, 0]
						}
					]
				},
				{
					"name": "arms",
					"parent": "body",
					"pivot": [0, 22, -20],
					"rotation": [-0.47, 0, 0],
					"cubes": [
						{
							"origin": [-10, 12, -3],
							"size": [5, 12, 5],
							"uv": [0, 46]
						},
						{
							"origin": [5, 12, -3],
							"size": [5, 12, 5],
							"uv": [32, 34]
						}
					]
				},
				{
					"name": "leg0",
					"pivot": [-2, 12, 0],
					"cubes": [
						{
							"origin": [-4, 0, -2],
							"size": [4, 12, 4],
							"uv": [48, 47]
						}
					]
				},
				{
					"name": "leg1",
					"pivot": [2, 12, 0],
					"cubes": [
						{
							"origin": [0, 0, -2],
							"size": [4, 12, 4],
							"uv": [20, 47]
						}
					]
				}
			]
		}
	]
}