{
	"format_version": "1.12.0",
	"minecraft:geometry": [
		{
			"description": {
				"identifier": "geometry.orb",
				"texture_width": 64,
				"texture_height": 64,
				"visible_bounds_width": 2,
				"visible_bounds_height": 2.5,
				"visible_bounds_offset": [0, 0.75, 0]
			},
			"bones": [
				{
					"name": "bottom_row",
					"pivot": [5, 3, -5],
					"cubes": [
						{"origin": [-5, 5, -6], "size": [1, 1, 12], "pivot": [-5, 5, -5], "rotation": [0, 90, 0], "uv": [14, 14]},
						{"origin": [-6, 5, -5], "size": [1, 1, 10], "uv": [0, 37]},
						{"origin": [-5, 5, 5], "size": [1, 1, 12], "pivot": [-5, 5, 6], "rotation": [0, 90, 0], "uv": [14, 1]},
						{"origin": [5, 5, -5], "size": [1, 1, 10], "uv": [36, 36]}
					]
				},
				{
					"name": "top_row",
					"pivot": [5, 14, -5],
					"cubes": [
						{"origin": [-5, 16, -6], "size": [1, 1, 12], "pivot": [-5, 16, -5], "rotation": [0, 90, 0], "uv": [0, 13]},
						{"origin": [-6, 16, -5], "size": [1, 1, 10], "uv": [36, 25]},
						{"origin": [-5, 16, 5], "size": [1, 1, 12], "pivot": [-5, 16, 6], "rotation": [0, 90, 0], "uv": [0, 0]},
						{"origin": [5, 16, -5], "size": [1, 1, 10], "uv": [24, 28]}
					]
				},
				{
					"name": "orb",
					"pivot": [0, 0, 0],
					"cubes": [
						{"origin": [-2, 10, -3], "size": [4, 3, 6], "uv": [40, 0]},
						{"origin": [-3, 10, -2], "size": [6, 3, 4], "uv": [12, 39]},
						{"origin": [-2, 13, -2], "size": [4, 1, 4], "uv": [40, 16]},
						{"origin": [-1, 14, -1], "size": [2, 1, 2], "uv": [0, 3]},
						{"origin": [-1, 8, -1], "size": [2, 1, 2], "uv": [0, 0]},
						{"origin": [-2, 9, -2], "size": [4, 1, 4], "uv": [40, 11]}
					]
				},
				{
					"name": "sides",
					"pivot": [0, 0, 0],
					"cubes": [
						{"origin": [5, 5, -4], "size": [1, 1, 10], "pivot": [5, 5, -5], "rotation": [90, 0, 0], "uv": [28, 14]},
						{"origin": [5, 5, 7], "size": [1, 1, 10], "pivot": [5, 5, 6], "rotation": [90, 0, 0], "uv": [28, 0]},
						{"origin": [-6, 5, 7], "size": [1, 1, 10], "pivot": [-6, 5, 6], "rotation": [90, 0, 0], "uv": [12, 27]},
						{"origin": [-6, 5, -4], "size": [1, 1, 10], "pivot": [-6, 5, -5], "rotation": [90, 0, 0], "uv": [0, 26]}
					]
				}
			]
		}
	]
}