{
  "format_version": "1.12.0",
  "minecraft:geometry": [
    {
      "description": {
        "identifier": "geometry.scale",
        "texture_width": 128,
        "texture_height": 128,
        "visible_bounds_width": 3,
        "visible_bounds_height": 4,
        "visible_bounds_offset": [0, 2, 0]
      },
      "bones": [
        {
          "name": "body",
          "pivot": [0, 24, 0],
          "cubes": [
            {
              "origin": [-4, 12, -3],
              "size": [8, 12, 6],
              "uv": [28, 10]
            },
            {
              "origin": [-4, 11, -3],
              "size": [8, 12, 6],
              "inflate": 0.5,
              "uv": [0, 16]
            }
          ]
        },
        {
          "name": "head",
          "parent": "body",
          "pivot": [0, 24, 0],
          "cubes": [
            {
              "origin": [-4, 24, -4],
              "size": [8, 8, 8],
              "uv": [0, 0]
            }
          ]
        },
        {
          "name": "hat",
          "parent": "head",
          "pivot": [0, 24, 0],
          "cubes": [
            {
              "origin": [-4, 30, -4],
              "size": [8, 2, 8],
              "inflate": 0.5,
              "uv": [20, 28]
            },
            {
              "origin": [-4, 30, -6],
              "size": [8, 1, 1],
              "inflate": 0.5,
              "uv": [24, 0]
            }
          ]
        },
        {
          "name": "nose",
          "parent": "head",
          "pivot": [0, 26, 0],
          "cubes": [
            {
              "origin": [-1, 23, -6],
              "size": [2, 4, 2],
              "uv": [0, 0]
            }
          ]
        },
        {
          "name": "leg0",
          "pivot": [-2, 12, 0],
          "cubes": [
            {
              "origin": [-4, 0, -2],
              "size": [4, 12, 4],
              "uv": [0, 50]
            }
          ]
        },
        {
          "name": "leg1",
          "pivot": [2, 12, 0],
          "cubes": [
            {
              "origin": [0, 0, -2],
              "size": [4, 12, 4],
              "uv": [42, 38]
            }
          ]
        },
        {
          "name": "arm0",
          "pivot": [0, 21, -1],
          "rotation": [-8.44, 0, 0],
          "cubes": [
            {
              "origin": [-9, 12, -2],
              "size": [5, 11, 4],
              "pivot": [0, 18, 2],
              "rotation": [2.5, 0, 0],
              "uv": [2, 35]
            }
          ]
        },
        {
          "name": "arm1",
          "pivot": [0, 22, 0],
          "cubes": [
            {
              "origin": [4, 12, -3],
              "size": [5, 11, 4],
              "pivot": [0, -1, -1.62097],
              "rotation": [-2.5, 0, 0],
              "uv": [2, 35]
            }
          ]
        }
      ]
    }
  ]
}
