{
	"format_version": "1.12.0",
	"minecraft:geometry": [
		{
			"description": {
				"identifier": "geometry.spawn_npc",
				"texture_width": 64,
				"texture_height": 64,
				"visible_bounds_width": 3,
				"visible_bounds_height": 4,
				"visible_bounds_offset": [0, 2, 0]
			},
			"bones": [
				{
					"name": "body",
					"pivot": [0, 24, 0],
					"cubes": [
						{
							"origin": [-4, 12, -3],
							"size": [8, 12, 6],
							"uv": [0, 31]
						},
						{
							"origin": [-4, 6, -3],
							"size": [8, 17, 6],
							"inflate": 0.5,
							"uv": [0, 0]
						}
					]
				},
				{
					"name": "head",
					"parent": "body",
					"pivot": [0, 24, 0],
					"cubes": [
						{
							"origin": [-4, 24, -4],
							"size": [8, 8, 8],
							"uv": [20, 15]
						}
					]
				},
				{
					"name": "hat",
					"parent": "head",
					"pivot": [0, 24, 0]
				},
				{
					"name": "nose",
					"parent": "head",
					"pivot": [0, 26, 0],
					"cubes": [
						{
							"origin": [-1, 23, -6],
							"size": [2, 4, 2],
							"uv": [22, 0]
						}
					]
				},
				{
					"name": "arms",
					"parent": "body",
					"pivot": [0, 21, -1],
					"rotation": [-0.47, 0, 0],
					"cubes": [
						{
							"origin": [-8, 11, -2],
							"size": [4, 12, 4],
							"uv": [24, 47]
						},
						{
							"origin": [4, 11, -2],
							"size": [4, 12, 4],
							"uv": [44, 0]
						}
					]
				},
				{
					"name": "leg0",
					"pivot": [-2, 12, 0],
					"cubes": [
						{
							"origin": [-4, 0, -2],
							"size": [4, 12, 4],
							"uv": [40, 43]
						}
					]
				},
				{
					"name": "leg1",
					"pivot": [2, 12, 0],
					"cubes": [
						{
							"origin": [0, 0, -2],
							"size": [4, 12, 4],
							"uv": [28, 31]
						}
					]
				}
			]
		}
	]
}