{
	"format_version": "1.10.0",
	"geometry.student6": {
		"texturewidth": 128,
		"textureheight": 128,
		"visible_bounds_width": 2,
		"visible_bounds_height": 3,
		"visible_bounds_offset": [0, 1.5, 0],
		"bones": [
			{
				"name": "body",
				"pivot": [0, 24, 0],
				"cubes": [
					{
						"origin": [-4, 12, -3],
						"size": [8, 12, 6],
						"uv": [49, 46]
					},
					{
						"origin": [-4, 6, -3],
						"size": [8, 18, 6],
						"uv": [0, 0],
						"inflate": 0.5
					},
					{
						"origin": [-4, 7, -2],
						"size": [8, 7, 4],
						"uv": [51, 65],
						"inflate": 0.25
					}
				]
			},
			{
				"name": "head",
				"parent": "body",
				"pivot": [0, 24, 0],
				"cubes": [
					{
						"origin": [-4, 24, -4],
						"size": [8, 10, 8],
						"uv": [41, 27]
					}
				]
			},
			{
				"name": "hat",
				"parent": "head",
				"pivot": [0, 24, 0],
				"cubes": [
					{
						"origin": [-4, 24, -4],
						"size": [8, 8, 8],
						"uv": [0, 34],
						"inflate": 0.5
					}
				]
			},
			{
				"name": "nose",
				"parent": "head",
				"pivot": [0, 26, 0],
				"cubes": [
					{
						"origin": [-1, 23, -6],
						"size": [2, 4, 2],
						"uv": [25, 35]
					}
				]
			},
			{
				"name": "arms",
				"parent": "body",
				"pivot": [0, 22, 0],
				"cubes": [
					{
						"origin": [-8, 12, -2],
						"size": [4, 12, 4],
						"uv": [34, 62]
					},
					{
						"origin": [4, 12, -2],
						"size": [4, 12, 4],
						"uv": [29, 1]
					}
				]
			},
			{
				"name": "jacket",
				"parent": "body",
				"pivot": [0, 24, 0],
				"cubes": [
					{
						"origin": [-4, 12, -2],
						"size": [8, 12, 4],
						"uv": [46, 1],
						"inflate": 0.25
					}
				]
			},
			{
				"name": "leg0",
				"pivot": [-2, 12, 0],
				"cubes": [
					{
						"origin": [-4, 0, -2],
						"size": [4, 13, 4],
						"uv": [67, 16]
					}
				]
			},
			{
				"name": "rightPants",
				"parent": "leg0",
				"pivot": [-1.9, 12, 0],
				"cubes": [
					{
						"origin": [-3.9, 0, -2],
						"size": [4, 12, 4],
						"uv": [0, 50],
						"inflate": 0.25
					}
				]
			},
			{
				"name": "leg1",
				"pivot": [2, 12, 0],
				"cubes": [
					{
						"origin": [0, 0, -2],
						"size": [4, 13, 4],
						"uv": [29, 16]
					}
				]
			},
			{
				"name": "leftPants",
				"parent": "leg1",
				"pivot": [1.9, 12, 0],
				"cubes": [
					{
						"origin": [-0.1, 0, -2],
						"size": [4, 12, 4],
						"uv": [17, 51],
						"inflate": 0.25
					}
				]
			}
		]
	}
}