{
	"format_version": "1.12.0",
	"minecraft:geometry": [
		{
			"description": {
				"identifier": "geometry.titlescreen",
				"texture_width": 256,
				"texture_height": 256,
				"visible_bounds_width": 15,
				"visible_bounds_height": 7,
				"visible_bounds_offset": [0, 2.5, 0]
			},
			"bones": [
				{
					"name": "root",
					"pivot": [0, 0, 0],
					"cubes": [
						{"origin": [-93, 25, -1], "size": [203, 61, 0], "pivot": [0, 0, 0], "rotation": [0, 180, 0], "uv": [0, 125]}
					]
				}
			]
		}
	]
}