{
  "format_version": "1.16.100",
  "minecraft:entity": {
    "description": {
      "identifier": "blockbuilders:cauldron",
      "is_spawnable": false,
      "is_summonable": true,
      "is_experimental": false
    },
    "components": {
      "minecraft:physics": {
        "has_gravity": true,
        "has_collision": true
      },
      "minecraft:pushable": {
        "is_pushable": false
      },
      "minecraft:push_through": {
        "value": 1
      },
      "minecraft:item_hopper": {},
      "minecraft:inventory": {
        "can_be_siphoned_from": false,
        "container_type": "hopper",
        "inventory_size": 5,
        "private": false,
        "restrict_to_owner": false
      },
      "minecraft:knockback_resistance": {
        "value": 1000
      },
      "minecraft:health": {
        "max": 1000,
        "value": 1000
      },
      "minecraft:fire_immune": {},
      "minecraft:damage_sensor": {
        "triggers": {
          "cause": "all",
          "deals_damage": false
        }
      }
    }
  }
}
