{
  "format_version": "1.16.100",
  "minecraft:entity": {
    "description": {
      "identifier": "blockbuilders:orb",
      "is_spawnable": false,
      "is_summonable": true,
      "is_experimental": false
    },
    "components": {
      "minecraft:physics": {
        "has_gravity": false,
        "has_collision": true
      },
      "minecraft:pushable": {
        "is_pushable": false
      },
      "minecraft:push_through": {
        "value": 1
      },
      "minecraft:knockback_resistance": {
        "value": 1000
      },
      "minecraft:health": {
        "max": 1000,
        "value": 1000
      },
      "minecraft:damage_sensor": {
        "triggers": {
          "cause": "all",
          "deals_damage": false
        }
      },
      "minecraft:behavior.look_at_player": {
        "priority": 0,
        "look_distance": 16,
        "probability": 1
      }
    }
  }
}
