{
	"format_version": "1.19.30",
	"minecraft:entity": {
		"description": {
			"identifier": "blockbuilders:student7",
			"is_spawnable": false,
			"is_summonable": true,
			"is_experimental": false
		},
		"components": {
			"minecraft:damage_sensor": {
				"triggers": {
					"cause": "all",
					"deals_damage": false
				}
			},
			"minecraft:type_family": {
				"family": ["npc", "mob"]
			},
			"minecraft:fire_immune": true,
			"minecraft:movement": {
				"value": 0.5
			},
			"minecraft:collision_box": {
				"width": 0.6,
				"height": 2.1
			},
			"minecraft:behavior.look_at_player": {
				"priority": 0,
				"look_distance": 50,
        		"probability": 0.8
			},
			"minecraft:persistent": {},
			"minecraft:npc": {
				"npc_data": {
					"portrait_offsets": {
						"translate": [-7, 50, 0],
						"scale": [1.75, 1.75, 1.75]
					},
					"picker_offsets": {
						"translate": [0, 20, 0],
						"scale": [1.7, 1.7, 1.7]
					},
					"skin_list": [
						{
							"variant": 0
						}
					]
				}
			},
			"minecraft:nameable": {
				"always_show": false,
				"allow_name_tag_renaming": false
			},
			"minecraft:physics": {}
		}
	}
}