{
  "format_version": "1.8.0",
  "animations": {
    "animation.npc.move": {
      "loop": true,
      "animation_length": 9.2083,
      "anim_time_update": "query.modified_distance_moved",
      "bones": {
        "leg0": {
          "relative_to": {
            "rotation": "entity"
          },
          "rotation": [
            "(math.cos(query.anim_time * 38.17) * 40.0) - this",
            "-this",
            0
          ]
        },
        "leg1": {
          "rotation": [
            "(math.cos(query.anim_time * 38.17 + 180) * 40.0) - this",
            "-this",
            0
          ]
        },
        "arm0": {
          "rotation": {
            "0.0": [-25, 0, 0],
            "4.0": [27.5, 0, 0],
            "7.875": [-25, 0, 0]
          }
        },
        "arm1": {
          "rotation": {
            "0.0": [25, 0, 0],
            "4.0833": [-25, 0, 0],
            "8.0417": [25, 0, 0]
          }
        }
      }
    }
  }
}
